column,missing_count,missing_percent
BMIHEAD,11933,100.0
BMIRECUM,11915,99.84915779770385
BMXHEAD,11863,99.41339143551497
BMIHT,11799,98.87706360512864
BMIARML,11733,98.32397553004274
BMIARMC,11728,98.2820749182938
DIQ060U,11601,97.21779937987095
DID060,11590,97.1256180340233
BMIWT,11588,97.10885778932372
BMIWAIST,11586,97.09209754462415
BMIHIP,11572,96.97477583172714
RIDAGEMN,11556,96.84069387413057
BMILEG,11537,96.68147154948463
BMXRECUM,11479,96.19542445319702
DIQ050,10852,90.941087739881
DID040,10852,90.941087739881
RIDEXPRG,10430,87.40467610827119
DMDYRUSR,10058,84.28727059415067
DMDHSEDZ,9806,82.17547976200453
DIQ070,9652,80.88494092013744
BMDBMIC,9441,79.11673510433252
RIDEXAGM,9146,76.64459901114556
DMDHREDZ,8187,68.60806167770049
DMDHRMAZ,7913,66.31190815385905
DMDHRGND,7818,65.51579653062934
DMDHRAGZ,7809,65.44037542948126
HSQ590,6182,51.805916366378945
LBXGH,5218,43.72747842118495
BMXHIP,5157,43.21629095784799
LBDTCSI,5043,42.260957009972344
LBXTC,5043,42.260957009972344
WTPH2YR,4734,39.67149920388838
BMXLEG,4598,38.53180256431744
BPXOPLS3,4453,37.31668482359842
BPXODI3,4453,37.31668482359842
BPXOSY3,4453,37.31668482359842
BPXOSY2,4428,37.10718176485377
BPXOPLS2,4428,37.10718176485377
BPXODI2,4428,37.10718176485377
BPXOPLS1,4416,37.00662029665633
BPXODI1,4416,37.00662029665633
BPXOSY1,4416,37.00662029665633
BPAOCSZ,4322,36.218888795776415
BPAOARM,4279,35.85854353473561
DMDMARTZ,4141,34.7020866504651
DMDEDUC2,4139,34.68532640576553
DIQ160,3911,32.77465851001425
WTPH2YR_TCHOL_L,3865,32.389172881924075
BMXWAIST,3743,31.36679795525015
DMQMILIZ,3632,30.436604374423865
DIQ180,3629,30.411464007374505
BMXBMI,3462,29.011983574960194
BMXHT,3434,28.777340149166175
BMXARMC,3371,28.24939244112964
BMXARML,3365,28.199111707030923
BMXWT,3179,26.640408949970666
BMDSTATS,3073,25.75211598089332
RIDEXMON,3073,25.75211598089332
INDFMPIR,2041,17.10382971591385
DIQ010,193,1.6173636135087572
DMDBORN4,19,0.15922232464593983
